date,caspiansea,eastern,qaraqom,markazi,persiangolf,urmia
2002-08-01,1.688,6.913,8.56,3.029,1.741,-0.159
2002-09-01,-1.827,4.546,-0.483,-3.575,0.813,-3.464
2002-10-01,0.274,2.29,2.434,2.625,3.379,1.068
2002-11-01,-1.124,5.865,1.191,3.335,0.397,-5.326
2002-12-01,0.855,5.516,3.623,4.952,1.219,-0.644
2003-01-01,5.309,2.716,0.195,1.429,1.831,18.285
2003-02-01,8.703,-2.684,5.635,7.202,7.587,11.211
2003-03-01,11.601,1.549,11.692,5.43,9.788,23.112
2003-04-01,15.172,-0.027,9.071,9.116,9.148,21.38
2003-05-01,16.393,-0.336,5.423,5.5,11.283,23.267
2003-06-01,18.191,4.179,4.771,6.962,5.53,9.901
2003-07-01,12.35,0.422,2.272,5.142,2.649,11.824
2003-08-01,8.77,0.026,1.423,4.79,0.728,3.723
2003-09-01,3.148,-0.042,0.444,1.254,-2.366,1.476
2003-10-01,0.776,-2.378,-1.363,1.064,-3.326,-1.293
2003-11-01,2.075,-3.151,-3.586,-0.12,-2.051,0.063
2003-12-01,6.442,-2.579,1.078,4.108,3.816,8.084
2004-01-01,5.917,7.287,9.437,7.45,7.823,9.548
2004-02-01,8.241,2.093,8.693,7.885,14.459,16.94
2004-03-01,11.222,-1.055,4.969,7.68,11.222,18.638
2004-04-01,11.148,0.95,9.674,6.324,10.311,19.903
2004-05-01,16.448,2.279,5.321,6.085,8.344,14.801
2004-06-01,13.623,-0.355,3.139,6.459,10.597,9.831
2004-07-01,16.283,-2.017,-1.889,3.776,4.315,10.123
2004-08-01,11.239,-4.492,-8.371,1.151,0.402,3.716
2004-09-01,12.079,-2.547,-0.19,2.609,-6.471,5.759
2004-10-01,6.818,-1.004,3.718,-0.619,0.533,-0.074
2004-11-01,6.505,-0.949,4.099,0.143,0.979,6.168
2004-12-01,6.758,6.045,9.494,4.887,7.837,8.776
2005-01-01,7.668,4.657,8.718,8.29,11.497,7.442
2005-02-01,12.456,6.267,11.805,7.393,15.875,20.582
2005-03-01,15.743,4.326,11.054,13.29,17.002,22.597
2005-04-01,14.686,2.849,7.392,10.215,16.002,21.44
2005-05-01,17.647,7.339,7.988,9.374,14.206,19.768
2005-06-01,18.111,3.776,1.815,9.757,10.019,13.135
2005-07-01,14.559,1.663,-1.289,6.504,6.785,8.809
2005-08-01,10.389,0.822,1.387,3.897,5.282,4.66
2005-09-01,7.615,1.999,1.028,4.901,3.279,3.446
2005-10-01,5.268,1.258,0.645,4.446,3.518,-4.054
2005-11-01,6.703,0.861,1.66,3.983,3.71,-0.698
2005-12-01,6.741,-1.095,-2.745,3.564,5.71,-2.608
2006-01-01,6.964,3.682,5.297,5.896,9.305,5.728
2006-02-01,13.292,1.204,5.886,9.899,16.356,21.336
2006-03-01,15.979,3.831,6.626,8.076,16.574,24.561
2006-04-01,13.93,2.058,2.998,10.243,14.626,17.288
2006-05-01,15.234,2.048,4.752,7.2,13.338,18.198
2006-06-01,11.518,2.98,4.548,7.13,9.599,7.911
2006-07-01,7.633,-0.893,-0.991,5.133,4.652,3.048
2006-08-01,4.017,1.944,2.776,1.989,3.837,4.635
2006-09-01,-0.174,0.543,-0.425,0.541,2.856,-0.519
2006-10-01,-0.783,1.282,-2.845,-0.743,0.594,-1.206
2006-11-01,2.414,3.09,0.188,2.05,5.269,4.787
2006-12-01,6.018,-2.908,-2.447,2.571,7.701,8.034
2007-01-01,3.658,-2.632,-1.422,2.796,9.058,8.579
2007-02-01,4.504,2.032,4.974,6.323,13.915,9.457
2007-03-01,10.404,-0.331,7.422,7.542,12.205,16.131
2007-04-01,15.5,1.224,6.275,8.305,13.285,18.967
2007-05-01,15.813,4.088,7.54,6.797,9.331,20.617
2007-06-01,14.269,5.783,6.076,7.51,7.813,12.013
2007-07-01,12.13,5.819,4.427,5.208,4.225,9.994
2007-08-01,8.37,3.998,3.174,4.289,0.797,4.548
2007-09-01,2.173,0.615,0.751,1.43,0.976,1.637
2007-10-01,-0.339,0.482,-2.178,0.431,0.929,-0.837
2007-11-01,-0.406,-0.119,-3.556,-0.098,1.581,-2.02
2007-12-01,1.715,3.637,3.455,2.612,3.088,-4.125
2008-01-01,2.966,3.141,3.251,2.32,4.08,0.493
2008-02-01,6.212,4.862,5.498,2.698,3.353,4.009
2008-03-01,7.524,4.116,9.203,3.635,4.581,10.863
2008-04-01,6.374,4.689,5.827,3.767,2.682,4.14
2008-05-01,5.602,0.513,-1.453,2.841,-0.083,-0.23
2008-06-01,4.824,2.727,3.756,0.027,-2.325,-2.64
2008-07-01,3.248,2.54,0.899,1.731,-4.564,-7.453
2008-08-01,0.26,3.518,2.318,-0.342,-5.758,-6.867
2008-09-01,-5.051,4.161,2.432,-0.018,-6.608,-13.054
2008-10-01,-5.847,-0.478,-3.03,-1.106,-7.416,-15.69
2008-11-01,-5.123,0.429,-1.459,-3.553,-2.791,-4.801
2008-12-01,-2.901,-0.257,-0.277,2.292,-3.952,-13.477
2009-01-01,-0.863,-0.489,-2.184,0.503,-3.451,-7.411
2009-02-01,0.392,1.655,2.618,-0.425,-4.196,-3.368
2009-03-01,5.196,1.349,2.401,1.621,-2.131,-0.742
2009-04-01,6.431,5.094,4.883,1.947,-1.735,5.483
2009-05-01,4.444,5.18,4.718,1.252,-3.813,-4.946
2009-06-01,6.051,3.977,4.629,0.772,-5.333,-2.571
2009-07-01,2.526,2.431,3.873,0.814,-5.719,-10.47
2009-08-01,-0.46,1.281,0.393,-0.406,-9.326,-11.271
2009-09-01,-2.193,0.274,-0.7,-1.643,-8.136,-12.504
2009-10-01,-3.443,0.618,-1.187,-3.547,-8.501,-14.588
2009-11-01,-5.796,2.11,1.492,-1.449,-7.005,-13.876
2009-12-01,-1.452,3.504,2.645,0.909,-1.212,-8.0
2010-01-01,-1.569,3.47,5.835,-0.045,-1.027,-9.997
2010-02-01,4.135,8.512,7.268,1.079,1.5,1.425
2010-03-01,6.526,2.743,5.646,1.468,2.363,5.448
2010-04-01,9.117,3.99,6.203,0.804,1.985,4.709
2010-05-01,13.379,1.263,2.151,2.879,0.858,5.844
2010-06-01,8.636,-0.863,-1.634,0.312,-4.231,-0.885
2010-07-01,4.187,1.599,3.434,-0.205,-5.809,-5.429
2010-08-01,-0.393,-0.318,-2.39,-2.267,-7.438,-6.776
2010-09-01,-5.591,1.212,0.791,-4.525,-8.863,-10.111
2010-10-01,-5.881,-1.089,-2.126,-3.549,-7.972,-15.064
2010-11-01,-6.931,-2.992,-4.169,-5.975,-7.322,-16.781
2010-12-01,-9.025,-4.839,-5.173,-4.955,-9.321,-12.8
2011-01-01,-4.29,-0.828,0.801,0.096,2.06,-0.141
2011-02-01,-2.656,-2.427,0.834,2.14,2.753,-5.594
2011-03-01,-1.674,6.102,4.94,0.081,-0.04,-1.181
2011-04-01,2.58,3.953,2.082,-0.743,-1.092,4.141
2011-05-01,4.44,-0.752,-0.125,0.0,-0.304,1.937
2011-06-01,2.022,0.439,0.568,0.254,0.718,2.172
2011-07-01,-1.895,4.772,5.984,-2.57,-7.181,-4.861
2011-08-01,-7.304,5.045,3.846,-3.528,-9.635,-11.616
2011-09-01,-9.465,0.097,-3.669,-4.793,-11.273,-15.076
2011-10-01,-10.497,-1.188,-3.549,-6.766,-10.336,-14.706
2011-11-01,-10.95,-2.288,-3.002,-3.988,-3.957,-9.724
2011-12-01,-5.859,-0.589,2.997,-3.664,-6.262,-6.09
2012-01-01,-3.804,-0.364,-0.082,-2.619,-4.724,-6.477
2012-02-01,-4.089,-0.801,4.661,-1.38,-2.515,-6.824
2012-03-01,-1.55,0.348,0.667,0.865,-0.958,-1.364
2012-04-01,3.79,5.339,2.555,1.155,-2.924,6.334
2012-05-01,1.014,0.059,1.289,0.209,2.769,5.439
2012-06-01,-1.024,20.473,10.064,-6.04,-4.183,-7.76
2012-07-01,-7.656,-2.264,-11.026,2.778,-16.231,-13.466
2012-08-01,-5.738,0.153,-0.201,-5.248,-9.969,-13.36
2012-09-01,-11.372,1.628,-3.163,-7.831,-11.215,-13.25
2012-10-01,-13.403,-2.351,-3.355,-5.27,-6.221,-11.396
2012-11-01,-12.13,-7.177,-6.525,-6.178,-8.072,-14.037
2012-12-01,-9.461,-4.309,-2.729,-2.442,-3.751,-10.034
2013-01-01,-5.305,-1.335,0.177,-1.085,-4.091,-6.455
2013-02-01,-4.558,-0.655,6.527,-2.052,0.858,1.672
2013-03-01,-3.713,-0.492,2.628,0.155,4.178,6.773
2013-04-01,-1.028,-1.768,4.146,1.109,-2.052,-0.289
2013-05-01,-2.206,0.109,0.457,-1.732,-1.613,-4.393
2013-06-01,-1.321,-5.795,-5.607,-2.405,-3.451,-7.791
2013-07-01,-2.663,-0.28,-0.751,-3.441,-5.912,-6.456
2013-08-01,-9.675,-1.184,-2.058,-4.037,-5.985,-8.232
2013-09-01,-13.539,-1.986,-2.967,-5.422,-7.167,-11.003
2013-10-01,-11.564,-8.836,-7.574,-3.2,-8.034,-18.715
2013-11-01,-14.683,-4.967,-8.705,-8.76,-6.878,-15.806
2013-12-01,-12.043,-6.185,-6.042,-6.496,-3.739,-8.135
2014-01-01,-10.261,-3.101,1.866,-0.813,-1.184,-3.942
2014-02-01,-7.941,-1.449,1.217,-1.158,2.448,2.302
2014-03-01,-8.21,-2.88,-4.783,-1.348,0.548,-1.213
2014-04-01,-3.218,-3.289,-5.852,-1.737,2.251,3.629
2014-05-01,-6.807,-3.295,-3.96,-4.214,-1.581,-1.857
2014-06-01,-8.352,0.741,-0.234,-2.156,-4.066,-8.568
2014-07-01,-7.211,-1.156,-1.867,-3.396,-4.103,-5.287
2014-08-01,-16.047,-0.328,-3.801,-6.232,-9.153,-18.193
2014-09-01,-19.325,-3.68,-3.799,-5.459,-9.776,-18.527
2014-10-01,-18.746,0.338,-6.556,-7.996,-9.439,-20.386
2014-11-01,-19.171,-1.308,-1.564,-6.149,-7.026,-18.828
2014-12-01,-14.977,-3.451,-3.46,-5.044,-3.163,-9.347
2015-01-01,-12.375,-2.698,-1.3,-3.258,-0.345,-4.005
2015-02-01,-9.981,-1.922,0.678,-2.004,1.832,1.296
2015-03-01,-10.0,-0.79,2.344,-4.834,-4.144,-1.03
2015-04-01,-10.528,2.217,3.895,-5.21,-2.637,-6.321
2015-05-01,-5.05,-1.342,-0.252,-2.29,1.021,2.634
2015-06-01,-6.062,-1.431,-1.534,-3.1,-1.688,-1.692
2015-07-01,-13.228,1.527,3.15,-5.043,-7.239,-14.744
2015-08-01,-18.719,-4.932,-4.831,-5.869,-11.867,-20.356
2015-09-01,-21.823,1.397,-1.226,-9.607,-12.108,-21.562
2015-10-01,-19.449,-3.736,-4.914,-7.782,-8.051,-14.283
2015-11-01,-19.034,-4.158,-5.103,-7.342,-6.363,-13.588
2015-12-01,-19.351,-3.07,-3.673,-6.366,-3.841,-11.31
2016-01-01,-16.399,-4.417,-3.219,-4.249,-0.358,-3.066
2016-02-01,-12.432,-5.205,-5.012,-4.393,-1.785,1.046
2016-03-01,-12.613,-7.26,-8.341,-6.883,-3.266,-2.233
2016-04-01,-7.892,-1.758,0.526,-2.565,2.085,4.254
2016-05-01,-7.294,-3.784,-2.072,-5.012,0.467,5.117
2016-06-01,-7.131,-2.987,-4.414,-6.106,-3.421,-2.981
2016-07-01,-9.663,-1.968,-2.036,-7.447,-5.736,-6.76
2016-08-01,-15.201,1.075,-1.535,-7.172,-6.827,-7.904
2016-09-01,-19.627,-3.395,-4.551,-7.947,-8.975,-13.919
2016-10-01,-21.487,-4.221,-5.457,-8.624,-8.627,-15.26
2016-11-01,-16.484,-15.65,-13.017,-7.613,-9.422,-18.508
2016-12-01,-14.897,-5.879,-5.97,-10.301,-8.34,-11.632
2017-01-01,-14.887,-10.922,-7.081,-2.348,-4.552,-12.101
2017-02-01,-13.985,-2.846,-0.346,-3.666,0.658,-0.557
2017-03-01,-12.97,5.898,15.623,-0.51,-6.217,-5.597
2017-04-01,-11.741,-6.753,-2.646,-1.941,-1.738,-5.66
2017-05-01,-7.925,0.236,-1.313,-2.828,0.864,2.034
2017-06-01,-11.447,0.038,0.019,-2.552,-0.599,-5.368
2017-07-01,-13.307,-2.561,-3.448,-5.922,-5.93,-8.22
2017-08-01,-17.76,-3.054,-4.16,-7.391,-8.391,-12.096
2017-09-01,-21.623,-3.856,-5.068,-8.776,-9.573,-14.868
2017-10-01,-23.503,-4.682,-5.976,-9.461,-9.237,-16.223
2017-11-01,-23.053,-5.095,-6.147,-9.002,-7.529,-15.488
2017-12-01,-21.02,-4.849,-5.022,-7.545,-4.944,-12.209
2018-01-01,-18.417,-4.093,-2.858,-5.76,-2.128,-6.856
2018-02-01,-16.025,-3.319,-0.885,-4.511,0.042,-1.563
2018-03-01,-13.836,-2.832,-0.001,-4.038,1.167,1.925
2018-04-01,-11.959,-2.693,-0.507,-4.235,0.899,2.343
2018-05-01,-11.113,-2.745,-1.84,-4.811,-0.802,-0.296
2018-06-01,-9.474,-5.666,-7.862,-8.3,-7.297,-5.035
2018-07-01,-12.44,-9.435,-14.277,-10.485,-9.274,-10.199
2018-08-01,-19.745,-3.516,-4.679,-8.217,-8.977,-13.035
2018-09-01,-23.619,-4.316,-5.586,-9.605,-10.17,-15.816
2018-10-01,-26.08,-6.807,-7.303,-9.349,-12.726,-24.442
2018-11-01,-24.266,-4.607,-7.114,-9.063,-9.079,-18.495
2018-12-01,-22.631,-3.112,-1.892,-8.421,-3.987,-7.973
2019-01-01,-17.815,-8.345,-7.702,-8.246,1.023,-1.371
2019-02-01,-15.29,-8.232,-5.498,-6.955,2.932,5.697
2019-03-01,-10.721,-2.479,0.552,-2.572,6.508,10.554
2019-04-01,-5.579,-3.138,2.853,-1.331,14.896,23.894
2019-05-01,-6.904,-2.065,1.645,-2.814,10.365,18.551
2019-06-01,-10.641,-2.82,-1.288,-5.862,5.448,12.282
2019-07-01,-15.235,-3.55,-1.638,-3.793,0.668,-0.391
2019-08-01,-22.322,-1.354,-0.476,-6.616,-3.011,-2.568
2019-09-01,-21.864,-4.98,-3.898,-7.128,-2.811,-2.878
2019-10-01,-26.673,-4.428,-2.179,-10.8,-4.815,-5.887
2019-11-01,-24.465,-5.189,-4.703,-7.69,-3.04,-6.644
2019-12-01,-23.953,-5.998,-5.023,-7.322,0.121,-5.917
2020-01-01,-22.043,0.613,-2.113,-7.708,3.083,3.406
2020-02-01,-19.385,-1.263,-2.661,-5.393,6.021,5.407
2020-03-01,-13.073,-7.865,-7.387,-5.222,10.006,13.988
2020-04-01,-9.357,-1.938,4.287,-0.858,10.809,15.714
2020-05-01,-9.663,-1.231,-0.654,-4.266,5.93,10.596
2020-06-01,-12.584,-3.656,-2.703,-5.498,3.584,7.885
2020-07-01,-16.936,-5.281,-5.611,-8.134,-2.654,-1.35
2020-08-01,-15.795,-3.545,-4.804,-7.58,-0.978,0.933
2020-09-01,-21.752,-9.318,-8.268,-6.685,-5.623,-7.512
2020-10-01,-27.173,-7.656,-6.15,-10.983,-7.487,-12.767
2020-11-01,-27.044,-6.615,-5.118,-7.99,-6.509,-12.391
2020-12-01,-26.496,-5.441,-2.54,-7.842,-0.213,-3.531
2021-01-01,-22.317,-3.592,-3.629,-5.462,1.147,-4.062
2021-02-01,-21.039,-4.603,-3.583,-6.891,0.871,0.909
2021-03-01,-18.02,-6.21,-3.878,-6.739,1.886,4.748
2021-04-01,-18.558,-6.657,-3.867,-8.581,-2.555,1.387
2021-05-01,-21.746,-3.674,-3.604,-8.713,-6.029,-8.094
2021-06-01,-23.492,-4.816,-3.314,-10.206,-7.843,-12.575
2021-07-01,-23.603,-9.191,-10.767,-10.21,-9.174,-14.054
2021-08-01,-28.781,-8.74,-7.532,-10.493,-11.911,-16.798
2021-09-01,-32.053,-2.826,-2.473,-15.028,-10.537,-14.156
2021-10-01,-35.173,-3.328,-4.082,-12.92,-12.475,-20.931
2021-11-01,-31.972,-6.507,-11.569,-13.165,-9.643,-14.473
2021-12-01,-32.623,-11.065,-12.169,-8.705,-7.999,-21.943
2022-01-01,-30.888,-8.154,-8.621,-8.485,-3.229,-15.759
2022-02-01,-30.777,-0.899,2.196,-8.538,-3.086,-7.695
2022-03-01,-26.562,-8.463,-8.821,-5.736,-4.96,-10.938
2022-04-01,-26.286,-9.092,-10.064,-11.674,-4.395,-7.068
2022-05-01,-21.615,-5.969,-3.924,-11.704,-2.396,-3.73
2022-06-01,-24.376,-4.279,-4.148,-12.023,-8.743,-9.301
2022-07-01,-27.842,-10.356,-6.962,-6.714,-9.479,-21.211
2022-08-01,-33.582,-2.355,-0.808,-11.983,-13.505,-19.418
2022-09-01,-35.271,-11.79,-13.868,-8.758,-10.85,-26.732
2022-10-01,-42.518,-0.153,-2.096,-17.606,-14.645,-25.249
2022-11-01,-42.299,-6.244,-9.636,-14.721,-12.473,-30.081
2022-12-01,-42.907,-6.512,-3.709,-12.837,-12.455,-28.02
